month_day,n_years_with_data,tmax_record_high,tmax_record_high_years,tmax_record_low,tmax_record_low_years,tmean_record_high,tmean_record_high_years,tmean_record_low,tmean_record_low_years,tmin_record_high,tmin_record_high_years,tmin_record_low,tmin_record_low_years,precip_record_high,precip_record_high_years
01-01,153,19.9,1966,0.9,2016,16.0,1978,-1.4,2016,13.5,1978,-3.3,1925,61.0,1880
01-02,153,20.1,1966,0.6,1928,14.9,1986,-3.5,1928,11.9,1966,-7.5,1928,59.0,1892
01-03,153,20.1,1971,-0.4,2016,16.4,1953,-2.7,1927,13.0,1953,-5.6,1927,73.0,1888
01-04,153,21.0,1953,-0.7,1942,16.7,1953,-5.6,1942,13.4,1953,-7.3,2016,49.3,1983
01-05,153,18.9,1966,1.0,1942,16.0,1922,-3.2,1942,12.2,1996,-6.8,1942,84.0,1883
01-06,153,18.8,1971,2.6,1932,15.2,"1915, 1922",-1.2,1932,12.4,1915,-7.2,1932,89.0,1881
01-07,153,18.4,1959,0.9,1979,14.3,"1915, 2017",-4.4,1883,13.1,1922,-7.7,1979,32.8,1981
01-08,153,18.6,2010,-0.1,1979,15.6,2026,-4.5,1979,12.5,2012,-7.3,1979,51.4,1990
01-09,153,19.0,1968,0.2,2015,15.8,2021,-2.2,1875,13.1,2021,-3.7,2002,52.0,1893
01-10,153,19.9,2010,1.2,2009,15.2,2010,-2.0,2009,12.1,2010,-4.8,2009,65.6,1998
01-11,153,18.4,1919,-1.7,1950,14.3,2010,-8.3,1950,11.7,2022,-10.7,1950,48.3,1878
01-12,153,17.1,1915,-2.0,1950,15.3,1915,-7.4,1950,12.1,1915,-9.6,1950,83.5,1896
01-13,153,22.4,2021,-1.0,1950,18.3,2021,-5.6,1950,11.5,2021,-8.5,1950,63.0,1892
01-14,153,19.1,1960,-1.5,1950,15.0,1915,-4.3,1950,12.4,1893,-7.7,1941,56.7,2007
01-15,153,17.7,1970,0.1,1972,14.8,1955,-2.4,1972,12.2,1915,-4.6,1941,79.0,1936
01-16,153,17.9,1955,0.5,1901,14.4,1892,-2.1,1911,13.6,1892,-6.5,1964,47.0,1881
01-17,153,16.3,2023,-0.3,1911,12.6,"1981, 2016",-6.2,1964,10.0,1948,-8.1,1964,63.2,1961
01-18,153,20.1,2016,-4.4,1964,16.5,2016,-9.4,1964,13.6,2016,-12.2,1964,56.2,1950
01-19,153,18.7,1940,-2.1,1964,14.1,1915,-6.8,1964,11.6,1970,-12.5,1964,46.6,1902
01-20,153,18.9,2023,1.0,1902,13.9,2023,-4.3,1892,11.7,2023,-8.1,1902,46.1,1949
01-21,153,18.0,1966,1.5,1925,13.8,1966,-3.1,2006,10.7,2023,-6.0,1911,56.5,1888
01-22,153,21.2,1948,2.2,2006,14.2,1966,-1.3,1880,10.0,2004,-5.1,1911,50.5,1885
01-23,153,18.7,2004,0.4,2000,14.5,2004,-3.0,2000,11.6,1915,-7.1,2000,75.0,1888
01-24,153,18.8,1966,-2.9,2006,15.3,1966,-4.6,2006,11.9,1966,-8.6,1931,61.3,1964
01-25,153,19.4,2007,0.8,2016,16.6,2007,-6.6,1892,14.6,2007,-13.4,1892,66.0,1894
01-26,153,17.9,1939,0.4,1925,14.5,1915,-3.2,1921,11.8,1915,-8.3,1921,45.0,1896
01-27,153,18.7,1985,-0.1,1997,15.4,2021,-6.1,1880,12.7,2021,-6.6,1921,49.5,1966
01-28,153,18.7,2014,0.7,1954,13.6,2014,-4.9,1880,10.7,2014,-7.8,1964,68.6,1962
01-29,153,17.8,2009,-0.3,1964,15.1,1936,-8.0,1964,10.1,2009,-13.1,1964,57.4,1953
01-30,153,19.7,1999,-1.0,2017,15.1,"1915, 1999",-3.7,"1950, 2017",12.7,1915,-8.6,1950,76.7,1992
01-31,153,18.3,2010,-0.7,1956,15.8,1915,-5.0,1993,13.2,1915,-8.9,"1993, 1997",182.0,1892
02-01,153,20.8,2015,-3.9,1967,15.3,2015,-7.3,1967,12.9,2001,-10.6,1967,48.3,2006
02-02,153,21.7,2015,0.1,1967,17.8,2015,-6.4,1967,15.3,2015,-12.3,1967,47.4,1964
02-03,153,20.8,2015,-2.0,1950,15.1,2015,-4.3,1950,12.7,2022,-8.0,1958,60.4,2026
02-04,153,18.2,1936,0.2,1911,13.7,1930,-3.4,1986,12.2,1930,-7.3,1950,56.4,2020
02-05,153,18.3,2018,-0.2,1954,14.8,1936,-2.8,1986,12.0,1936,-7.8,1986,115.0,1884
02-06,153,21.2,1919,1.8,1966,16.5,1919,-4.5,1893,12.5,1961,-8.1,1966,55.1,2011
02-07,153,19.2,2013,0.3,1929,15.3,2013,-3.4,1932,13.1,2013,-7.6,1959,88.5,1894
02-08,153,20.3,2013,0.5,1932,14.5,2013,-5.8,1929,11.8,2003,-10.8,1929,62.0,2026
02-09,153,20.2,2021,-1.5,1949,15.5,2021,-9.0,1882,11.5,1996,-11.1,1929,57.2,1981
02-10,153,19.3,2021,0.8,1920,15.6,2021,-4.3,1882,12.1,2021,-8.5,1960,37.5,1877
02-11,153,19.6,2018,-0.6,1971,16.2,2024,-5.7,1930,14.5,2024,-6.9,1930,55.5,1892
02-12,153,20.6,2024,-3.2,1911,15.8,2024,-8.2,1911,13.5,2024,-11.0,1911,176.0,1896
02-13,153,21.0,2024,-1.3,1911,16.0,2024,-7.5,1911,13.1,2024,-12.6,1911,59.0,1877
02-14,153,22.7,1973,-2.3,1911,18.0,2024,-6.5,1911,14.7,2024,-9.8,1911,93.0,1893
02-15,153,21.8,2010,0.4,1911,18.1,1978,-4.4,1911,14.4,1978,-9.1,1911,43.0,1946
02-16,153,21.9,1978,2.0,"1985, 2021",16.0,1904,-1.7,1891,13.7,2016,-8.2,1908,40.6,1895
02-17,153,23.3,1944,2.3,"1985, 2021",18.4,1944,-0.8,1985,13.2,1944,-5.0,1911,64.0,1894
02-18,153,23.5,1901,1.4,"1903, 1959",20.2,1901,-1.6,"1880, 1917",13.0,1973,-6.7,1917,54.0,1908
02-19,153,22.3,1955,0.5,2008,16.8,1955,-4.8,1880,14.4,1955,-3.6,1998,53.5,1887
02-20,153,18.4,1958,-0.5,1985,16.4,1958,-4.6,1880,11.4,1958,-4.6,1985,50.7,1999
02-21,153,19.2,1958,-1.5,1985,15.5,2010,-3.6,1985,12.7,2010,-5.6,1985,58.8,1960
02-22,153,20.3,1915,-1.0,1985,15.7,1915,-3.7,1985,11.7,1915,-6.0,1985,51.5,1953
02-23,153,19.5,1941,0.0,1934,15.2,1996,-3.7,"1934, 1985",13.0,1900,-8.1,1985,65.0,1952
02-24,153,20.5,1966,0.7,1928,16.8,1915,-2.1,1917,14.3,1915,-6.8,1917,84.0,1952
02-25,153,20.0,"1915, 1987",-3.3,1917,15.1,2022,-6.2,1917,13.2,2022,-9.3,1917,43.0,1883
02-26,153,20.1,1947,0.7,1985,14.6,1915,-2.3,1985,11.6,1915,-6.4,1938,47.9,1957
02-27,153,21.2,2016,0.4,1985,17.1,2016,-3.2,1985,12.1,2023,-7.5,1985,69.0,1886
02-28,153,21.9,1989,-0.1,1985,18.1,1989,-1.5,1985,14.0,2004,-3.7,1985,38.0,1960
02-29,37,20.7,2004,4.5,1928,15.8,2004,1.5,1928,11.2,2004,-2.7,1976,33.5,1896
03-01,153,22.5,2016,3.7,1985,16.3,2016,-2.5,1985,11.2,2016,-7.0,1985,42.5,1887
03-02,153,22.5,2016,2.7,1928,19.1,2016,-1.2,1985,15.0,2016,-5.6,1985,55.5,1977
03-03,153,21.6,2016,2.5,1933,18.3,2016,-0.3,1933,13.8,2016,-3.1,1985,51.5,1887
03-04,153,23.7,2014,2.0,2009,17.5,2014,-0.6,1940,13.9,1984,-2.5,1899,67.0,1887
03-05,153,22.0,2020,2.3,1928,18.1,2020,0.0,1983,14.9,2020,-3.7,1953,37.0,1880
03-06,153,23.6,2020,2.2,1983,18.3,2020,-0.9,1983,15.1,2020,-3.0,"1980, 1983",54.0,1893
03-07,153,22.1,1962,3.4,"1953, 2012",16.6,1962,-1.6,1953,12.9,1962,-4.0,1953,41.3,2001
03-08,153,24.6,2009,3.3,1942,18.6,1962,-0.5,1942,15.4,1962,-4.5,2012,44.0,1889
03-09,153,25.1,2020,1.7,1929,19.1,2020,-0.9,1950,14.0,2020,-3.1,1942,34.0,1888
03-10,153,24.7,2020,1.2,1900,20.9,2020,-1.2,1900,17.9,2020,-5.0,1900,84.5,1881
03-11,153,24.5,1915,1.8,"1898, 1962",20.3,1915,-1.1,1929,13.6,1998,-4.5,1900,49.3,1938
03-12,153,23.8,2025,1.7,1929,17.7,2025,-0.8,1929,12.3,"2017, 2023",-2.8,"1962, 1965",39.4,2014
03-13,153,24.9,2025,3.0,1945,19.9,2025,-5.1,1880,14.7,2025,-2.7,1945,61.2,2007
03-14,153,25.1,2025,3.2,1953,20.7,2025,-4.6,1880,16.9,2025,-4.3,1945,59.0,1889
03-15,153,24.7,2013,2.0,1902,20.4,2013,-3.4,1880,14.8,2013,-4.1,1942,68.0,1881
03-16,153,27.6,2013,3.5,1948,21.6,2025,-1.5,1880,17.6,1962,-2.5,1987,35.5,1953
03-17,153,25.5,2025,-0.2,1929,22.0,2025,-3.9,1929,17.8,2025,-6.9,1948,65.0,1882
03-18,153,23.3,1925,2.4,1963,17.0,2008,-0.5,"1929, 1963",13.9,1969,-6.0,1929,39.5,1889
03-19,153,23.2,2018,1.7,1963,18.7,2018,-1.0,1963,14.2,1893,-3.9,1997,34.5,1884
03-20,153,25.2,2018,3.3,1931,17.9,1901,0.1,1880,14.1,1932,-3.4,1940,61.0,1924
03-21,153,25.0,1901,1.7,"1935, 1941",21.5,1901,-1.7,1935,15.8,1901,-3.8,1935,56.0,1915
03-22,153,25.0,1901,2.8,1942,18.9,1932,-1.0,1880,12.0,"1901, 2004",-2.4,1935,39.0,1893
03-23,153,24.6,1962,3.5,1942,19.6,1962,-0.9,1880,15.0,1962,-2.6,2003,52.0,1883
03-24,153,27.6,2008,5.7,"1942, 2013",23.7,2008,0.1,1880,19.0,2008,-2.5,1940,42.1,2021
03-25,153,28.6,2008,5.7,1904,23.3,2008,0.1,1880,18.0,1899,-1.5,1997,38.4,1995
03-26,153,25.0,1899,5.8,1972,22.6,1899,1.7,1880,18.0,1899,-1.8,1963,37.4,1995
03-27,153,24.4,1947,4.2,1957,19.2,1947,0.8,1957,15.2,1983,-1.7,1997,31.7,1975
03-28,153,28.1,1947,4.3,1956,22.1,"1901, 1947",1.0,1956,16.4,1947,-1.6,1957,58.0,1887
03-29,153,30.0,1901,3.3,1956,25.7,1901,-0.1,1956,22.0,1901,-1.4,1956,42.2,2023
03-30,153,27.5,1901,4.1,1929,22.1,1940,0.5,1956,16.0,1901,-3.1,1956,84.0,1893
03-31,153,24.7,1940,4.2,1929,19.9,1876,0.7,1929,13.2,1952,-1.8,1929,52.0,1883
04-01,153,25.3,2013,4.4,1946,19.7,1876,1.5,1893,15.6,2013,-1.6,1929,45.6,1946
04-02,153,26.5,1947,4.7,1995,21.9,2022,2.7,"1893, 1995",17.1,2022,-1.0,1893,59.5,1887
04-03,153,31.7,2000,4.3,1931,22.4,1950,1.5,1931,17.3,1975,-2.5,1946,36.9,1944
04-04,153,28.0,1979,4.1,1965,22.6,1950,0.0,2004,18.1,1975,-5.0,2004,38.7,1981
04-05,153,25.8,1950,4.7,1944,18.9,1950,1.6,1965,16.1,2000,-2.3,1965,49.5,1884
04-06,153,26.4,1994,5.7,1981,21.2,1903,3.4,1965,15.6,"1903, 2012",0.4,1892,58.0,1884
04-07,153,26.6,1962,7.5,2011,22.9,1903,4.4,"1882, 1933, 1965",18.1,"1903, 1983",0.9,1965,69.0,1893
04-08,153,27.9,1962,7.3,1909,21.9,2013,3.5,"1882, 1926",17.8,2013,0.5,1933,32.3,1938
04-09,153,28.3,1975,6.3,1909,22.2,1975,4.2,1882,16.3,2016,0.3,1926,42.0,1892
04-10,153,24.9,1975,8.3,"1907, 1909, 1921",19.4,1998,3.6,1929,14.5,1970,1.1,1945,84.5,1892
04-11,153,26.2,1977,6.5,1997,21.3,"1959, 1977",3.1,1997,18.6,1977,0.3,1997,49.9,1949
04-12,153,31.6,1998,7.4,1932,24.5,1998,4.6,2025,20.4,1998,0.3,2025,53.0,1882
04-13,153,29.9,1998,6.5,1931,23.4,"1970, 1998",4.8,1931,18.1,1998,1.3,1939,32.2,1977
04-14,153,33.7,1915,7.4,1939,22.1,1951,4.6,1939,17.3,1986,1.3,1941,34.3,"1946, 1947"
04-15,153,26.7,1972,6.8,1929,22.2,1972,4.1,1880,19.0,1972,1.3,1939,59.0,1889
04-16,153,31.4,1957,7.0,1942,26.8,1957,3.1,1933,17.5,1957,0.2,1933,30.6,1924
04-17,153,31.1,1957,6.3,1980,22.5,1917,3.2,1980,17.7,2024,0.0,1980,56.5,1987
04-18,153,29.7,2022,6.1,1945,24.6,2024,2.8,1945,20.1,2024,1.0,1945,64.2,1945
04-19,153,29.7,2000,3.9,1929,21.8,2000,2.3,1929,16.3,1994,0.4,1929,43.8,1995
04-20,153,29.5,1899,5.9,1929,24.9,1899,2.9,1987,17.3,1994,0.5,1987,48.0,1885
04-21,153,27.5,1899,8.0,1949,23.3,1877,6.3,1993,18.0,1899,1.6,1979,40.5,1992
04-22,153,28.2,1982,6.3,1927,21.5,1877,5.0,1993,16.7,1926,1.6,1993,51.0,1892
04-23,153,28.5,2001,8.5,1932,24.0,1997,5.8,1993,19.8,1997,1.3,1993,35.5,1919
04-24,153,27.2,"1936, 1969",9.2,2017,23.9,1933,4.0,1893,19.1,1933,2.5,1948,44.0,1883
04-25,153,32.2,2024,6.9,1987,26.8,2024,4.9,1987,22.2,2024,3.0,"1902, 1909",38.2,1960
04-26,153,29.6,2024,9.8,1987,26.0,2024,5.7,2006,22.9,2024,2.5,"1902, 1987",30.6,1933
04-27,153,27.8,2024,8.1,1945,22.8,1966,6.3,2006,19.7,1964,3.9,2006,123.0,1884
04-28,153,29.4,1970,8.8,1932,23.5,1926,7.0,1948,21.0,1926,3.3,2006,48.8,1914
04-29,153,28.6,1979,9.5,1948,22.9,1934,7.0,1948,18.4,1934,3.6,1915,31.7,2009
04-30,153,29.3,1970,7.4,1915,22.9,1879,5.5,1915,17.6,1934,3.8,1915,81.4,1875
05-01,153,29.2,1944,11.7,1945,24.1,1970,8.6,1915,18.1,1934,4.5,1915,38.5,1883
05-02,153,29.5,1935,11.3,1990,25.0,1909,8.4,1940,19.9,1909,4.0,1915,91.5,1991
05-03,153,30.9,1961,10.0,1898,24.6,1929,8.7,1997,18.2,1929,6.2,1940,47.9,1958
05-04,153,29.2,"1909, 2013",11.0,1898,24.3,1909,8.5,"1898, 1986",19.2,1909,4.7,1940,54.3,1986
05-05,153,29.5,1922,9.1,1986,25.0,1909,7.9,1986,20.4,1909,4.2,1994,74.1,1923
05-06,153,31.6,1922,12.1,1990,25.7,1922,8.2,1986,22.0,1922,3.0,1986,54.5,2011
05-07,153,27.4,2019,9.3,1915,23.2,2019,6.9,1915,19.7,2019,4.4,1986,32.5,1953
05-08,153,28.3,2007,10.9,1915,23.1,1910,7.8,1915,18.0,1910,3.5,1915,35.5,1888
05-09,153,27.2,"1932, 1985",10.1,1986,22.8,"1887, 1932",8.8,"1915, 1986",16.5,1997,4.2,1915,48.0,1888
05-10,153,29.5,1985,11.9,1915,23.7,1985,9.5,1915,17.7,1902,5.2,1915,23.5,1893
05-11,153,31.7,1985,11.0,1915,25.5,1985,7.8,1945,18.0,1985,4.6,1945,46.7,2009
05-12,153,30.0,1985,12.1,1964,25.6,1985,9.0,1945,20.5,1985,3.5,1945,68.0,1887
05-13,153,29.6,2021,13.8,2025,23.2,1970,9.5,1884,18.8,1985,6.0,1945,79.7,1954
05-14,153,30.1,1995,13.7,2006,24.8,2021,10.0,1884,20.6,2021,4.7,1988,61.6,1994
05-15,153,29.2,1958,13.8,"1981, 2011",23.1,1995,10.5,1896,18.8,1925,6.4,2000,63.0,1881
05-16,153,31.2,2014,14.0,1898,25.2,2014,11.1,1896,19.3,2020,6.6,1980,52.9,2017
05-17,153,33.6,1988,13.7,1964,24.8,1877,10.6,1896,18.8,1988,8.2,1931,66.0,1973
05-18,153,30.4,2019,13.3,1932,25.8,1940,10.8,1932,20.0,2019,7.5,1945,32.0,1932
05-19,153,31.6,2012,14.4,1992,24.8,2012,11.3,1932,19.7,2012,7.6,1904,46.4,1951
05-20,153,29.6,2012,14.5,"1964, 1992, 2004",23.7,1994,10.8,1999,20.2,2012,5.8,1999,36.0,1876
05-21,153,30.7,2020,11.9,1932,25.6,2007,10.0,1876,21.6,2007,7.9,1908,29.3,1911
05-22,153,32.0,1958,14.2,1932,26.3,1967,10.9,1876,21.3,1967,8.0,1990,118.0,1877
05-23,153,30.9,1995,15.0,"1909, 1917",23.8,"1957, 2007",10.1,1876,20.3,2007,6.0,1909,92.0,1877
05-24,153,31.7,2013,13.3,1917,25.4,2013,11.6,1876,21.0,2013,7.8,2020,74.1,2012
05-25,153,29.9,1938,14.8,1944,23.4,1960,11.6,1955,19.1,2003,6.4,1955,94.1,1987
05-26,153,34.7,2007,15.3,1944,26.9,2007,11.0,1944,20.6,2007,6.2,1944,63.2,2008
05-27,153,33.3,2007,12.8,1944,27.9,2007,9.0,1944,23.4,2007,7.0,1944,74.0,1888
05-28,153,30.7,1945,13.7,1904,24.1,2007,11.6,1904,20.3,1945,8.7,1969,51.5,1967
05-29,153,29.5,1899,14.8,1967,24.8,1899,12.0,1967,20.3,2018,7.0,1904,112.5,1906
05-30,153,34.3,1899,15.7,1952,28.1,1899,13.4,2008,20.6,2019,9.1,1956,44.8,1989
05-31,153,33.9,2006,16.9,1933,27.0,2006,14.1,1967,22.3,2006,10.0,1904,33.4,1936
06-01,153,32.1,1932,14.3,1956,24.5,1980,12.8,1956,20.2,2006,9.7,1967,89.8,1996
06-02,153,32.3,"1941, 2010",15.5,1904,26.2,2010,12.5,1938,21.5,2010,8.6,1978,56.6,1976
06-03,153,33.1,1969,13.8,1978,28.0,1901,12.2,1918,22.0,1901,9.1,"1994, 1997",61.2,1972
06-04,153,33.2,1969,16.3,1911,27.7,1966,13.0,"1911, 1967",24.4,1966,8.8,1918,64.8,2013
06-05,153,34.2,1949,13.9,1911,26.8,1949,11.8,1967,22.3,1949,7.1,1978,51.4,1979
06-06,153,33.8,1907,16.1,1930,26.7,1923,12.8,1967,22.2,1923,8.4,1967,43.1,1917
06-07,153,32.8,2020,16.2,2001,26.5,1924,13.3,1889,20.7,2019,8.8,1930,68.1,1970
06-08,153,33.4,1969,16.3,1937,27.4,2020,13.0,"1889, 1937",24.1,2020,10.2,1911,66.8,1958
06-09,153,31.9,1969,13.8,1937,25.4,"1969, 1990",11.9,1937,22.0,1984,9.7,1962,94.9,1937
06-10,153,32.0,2020,14.7,1937,26.2,1932,12.7,1918,20.9,1944,9.4,1918,63.9,1984
06-11,153,35.2,2002,17.6,1976,26.3,2020,14.0,1976,29.0,1924,9.8,1958,74.5,1886
06-12,153,31.1,2002,18.7,1917,25.9,2019,14.3,1976,23.0,2019,9.4,2004,84.2,1950
06-13,153,33.8,1905,17.2,1966,26.8,1905,13.7,1966,22.4,1891,10.4,1976,42.7,1929
06-14,153,35.0,2012,16.8,1966,27.8,2012,13.4,1929,22.4,2010,10.1,1929,62.3,1905
06-15,153,34.1,2012,17.0,1952,26.7,2012,12.6,1966,24.2,2012,10.0,1966,59.9,1988
06-16,153,31.5,1926,17.2,1966,26.3,1926,13.8,1966,21.9,2018,11.4,1984,74.8,1988
06-17,153,31.5,"1924, 1941",18.9,1919,27.4,1924,14.6,1911,21.4,1906,10.7,1929,33.0,1944
06-18,153,31.1,2012,18.1,1911,25.5,"1924, 2019",14.5,1911,21.5,"1924, 2019",11.3,1911,51.5,2002
06-19,153,31.2,1932,16.6,1919,26.7,1941,15.2,1919,22.4,1941,9.8,1911,79.4,2007
06-20,153,32.6,1972,19.0,"1911, 1919",27.1,1972,14.8,2000,23.2,"1932, 1972",10.9,1958,76.0,1895
06-21,153,33.2,1920,17.0,1919,26.5,1924,14.8,1919,23.0,1998,9.7,2000,65.2,1985
06-22,153,32.7,1948,18.6,1898,27.0,1948,14.7,1898,23.0,1891,11.6,1978,60.8,2019
06-23,153,34.0,1942,16.4,1910,29.4,1942,14.1,1910,23.5,1901,10.4,1910,53.8,2022
06-24,153,33.0,1901,20.1,1910,26.8,1901,15.7,1910,22.5,1901,11.0,1898,53.5,1883
06-25,153,33.2,2009,19.3,1988,26.8,2009,17.0,1945,22.3,2019,12.0,1971,135.6,1988
06-26,153,32.6,2009,19.1,1945,26.8,2019,14.8,1945,23.8,2019,11.6,1945,110.0,1889
06-27,153,31.9,2016,18.4,1990,27.8,2016,14.7,1990,23.7,2016,13.1,1990,55.7,1956
06-28,153,33.9,2018,19.2,1990,27.1,2018,15.4,1889,24.1,2016,12.9,1973,85.5,1950
06-29,153,34.6,1958,20.7,1925,27.8,2018,17.4,1889,23.8,2018,13.0,1899,68.1,1995
06-30,153,30.6,2024,21.0,1899,26.5,1880,14.9,1899,22.8,2018,11.6,2012,125.5,1891
07-01,153,35.2,1938,19.9,1995,27.6,1938,17.0,1899,23.4,2018,12.8,1969,97.7,1929
07-02,153,35.4,1938,20.7,2012,30.8,1938,17.1,1968,23.2,1971,12.8,1968,93.2,1955
07-03,153,33.8,1959,19.9,1982,27.9,2017,16.7,1982,23.0,1936,13.2,1908,98.0,1905
07-04,153,34.6,1945,19.8,1933,27.7,1954,16.8,1933,24.3,2017,13.2,1993,113.0,1888
07-05,153,33.9,1938,21.3,"1933, 1993",27.4,2024,16.6,1993,25.1,2024,13.8,1892,185.0,1875
07-06,153,32.7,"2003, 2020",21.5,1915,27.6,2020,17.0,1946,24.7,1991,12.9,1985,75.2,1972
07-07,153,33.9,2020,21.1,2006,28.5,2020,16.9,1896,24.3,1938,12.6,1982,103.5,1991
07-08,153,32.7,1978,22.3,1915,26.9,2020,16.9,1902,23.3,1938,13.0,1982,103.6,1981
07-09,153,32.1,"1898, 2002",21.1,1915,26.8,1999,17.3,1894,23.1,2010,13.4,1894,154.0,1896
07-10,153,34.6,1996,18.7,1902,28.9,1996,16.0,1902,24.1,2010,13.5,"1958, 1992",69.5,1889
07-11,153,34.4,1996,20.6,1958,28.9,1996,17.5,1958,24.2,2010,13.5,1992,100.8,1979
07-12,153,36.0,2014,19.4,1950,29.0,2014,17.8,1950,25.2,1996,14.4,"1952, 1992",124.4,1989
07-13,153,36.0,2014,20.9,1974,27.6,2009,17.2,1884,24.9,2014,13.9,1908,28.6,1902
07-14,153,32.1,2024,22.0,1974,27.6,1996,18.3,1974,24.9,1996,15.0,1924,95.1,2014
07-15,153,33.2,2024,22.2,2019,28.0,"1996, 2024",18.8,"1969, 1974",25.8,1996,14.2,1974,162.3,1997
07-16,153,32.8,2024,22.2,1902,28.0,1996,17.9,1881,26.0,1996,15.1,1997,71.7,1941
07-17,153,32.9,2024,21.8,1902,28.7,1880,17.8,1902,25.0,1996,15.0,1902,36.0,"1878, 1891"
07-18,153,34.6,1962,23.1,1969,28.3,2016,18.9,1977,25.3,2016,12.6,1902,137.0,1891
07-19,153,35.2,1934,21.4,1918,29.9,1934,18.1,1918,23.7,1962,14.4,1918,87.0,1895
07-20,153,33.5,"1968, 2002",23.2,1918,28.2,2002,19.2,"1918, 1932",23.7,1959,14.5,1918,90.6,1956
07-21,153,33.5,1981,22.6,1929,27.8,2002,18.6,1918,24.4,2021,14.2,1929,64.8,2014
07-22,153,34.2,2001,23.6,1924,28.6,2002,18.8,1924,24.5,1892,13.9,1924,61.0,1889
07-23,153,34.4,2012,21.9,1932,29.2,2012,19.1,1983,24.7,2012,15.0,"1924, 1956",76.5,2022
07-24,153,35.3,1966,20.2,1906,29.5,2012,16.9,1906,26.4,2012,14.3,1911,99.0,1996
07-25,153,34.3,1960,21.4,1911,28.3,2008,16.7,1985,25.4,2008,14.8,1985,55.6,2019
07-26,153,34.5,2012,21.7,1932,29.2,2012,17.6,1985,25.1,2007,14.6,1906,60.0,1889
07-27,153,35.9,2010,18.7,1983,30.0,2010,16.5,1983,25.0,"2010, 2012",12.6,1917,84.1,1983
07-28,153,39.0,1981,22.9,1983,30.5,1981,17.3,1983,26.8,2017,12.8,1983,100.1,1875
07-29,153,37.3,1981,22.5,1983,29.1,2025,18.6,1983,25.0,"1981, 2012",15.3,1985,55.5,1885
07-30,153,39.4,2000,23.6,"1917, 2013",30.4,2000,17.2,1880,26.3,2001,14.1,2013,74.5,1880
07-31,153,38.1,2000,22.6,1982,29.1,1957,18.9,1982,26.5,2025,14.5,1979,60.0,1886
08-01,153,35.6,2010,21.5,1982,31.0,1954,17.2,1982,25.9,2001,14.6,1982,117.6,1991
08-02,153,34.0,2025,23.5,1968,29.3,2010,18.3,1968,26.1,2001,14.8,1982,40.2,1966
08-03,153,33.3,2012,23.0,1968,28.7,2001,18.0,1982,25.5,2001,15.0,1915,64.0,1879
08-04,153,34.3,1957,21.7,1947,28.5,"1936, 2010",18.4,1982,25.4,1998,14.6,1947,177.0,1878
08-05,153,35.6,2010,21.3,1978,29.7,2010,15.4,1879,26.7,1909,13.5,1928,65.2,1997
08-06,153,35.9,2023,22.6,1915,29.3,2023,18.6,1969,25.4,1936,13.2,1969,71.2,1984
08-07,153,36.1,2010,22.8,1990,29.6,2007,18.9,1969,25.7,2021,13.8,1969,40.5,1880
08-08,153,33.0,2010,22.5,1984,28.1,2010,19.4,1984,24.8,2010,14.1,1969,76.7,1952
08-09,153,33.9,2010,22.3,1928,28.6,2010,18.2,1906,25.2,1891,15.5,2009,93.7,1954
08-10,153,35.1,2010,20.7,1928,29.4,1930,17.1,1928,24.4,2010,13.9,1974,151.0,1886
08-11,153,34.1,2017,20.4,1919,28.7,1930,16.5,1919,26.0,1930,12.9,1928,81.0,1895
08-12,153,33.5,"1970, 2010",19.6,1973,29.0,2001,16.8,1934,24.8,2010,14.0,1928,102.0,1999
08-13,153,34.2,1974,19.4,1919,28.9,2001,16.2,1919,25.7,2023,13.3,1919,62.7,1935
08-14,153,33.9,1948,22.7,1919,29.2,2001,16.1,1883,26.6,2001,11.5,1919,40.0,1884
08-15,153,34.2,1948,18.6,1928,28.6,1948,16.1,1928,24.7,2006,12.8,1923,55.0,1884
08-16,153,33.7,2008,21.4,1910,28.5,2023,16.7,1928,24.8,2014,10.4,1923,70.0,1976
08-17,153,34.8,2023,21.4,1919,33.1,1877,16.6,1919,25.1,2006,11.0,1919,106.9,2019
08-18,153,38.5,1961,20.1,1987,28.1,"1961, 2006",16.8,1987,25.2,2006,11.0,1919,245.2,1971
08-19,153,32.0,"1969, 2017",22.7,1977,27.9,2006,16.9,1987,24.7,2006,12.6,1977,79.0,1884
08-20,153,33.4,1929,22.5,1978,27.5,2023,17.6,1876,23.5,"1901, 2015",12.4,1934,60.1,1967
08-21,153,35.5,1972,22.8,1922,28.1,1972,18.3,1876,23.8,"1929, 2023",15.7,1980,77.6,1990
08-22,153,33.4,2024,20.3,1918,28.5,1972,17.1,1918,24.1,2016,12.7,1922,43.3,1971
08-23,153,34.8,1957,20.8,1918,28.4,1957,17.4,2009,24.7,1999,13.1,1923,53.6,1960
08-24,153,33.5,1899,18.9,1960,28.0,1979,15.9,1960,24.0,2022,11.9,1918,101.2,1999
08-25,153,33.8,2008,18.4,1960,28.3,"2008, 2022",15.7,1960,24.9,1938,13.4,1923,152.5,1960
08-26,153,33.2,2006,20.1,1941,28.8,2022,16.0,1941,25.4,2022,12.2,1950,121.6,1953
08-27,153,36.3,2006,19.2,1960,29.1,2006,14.8,1960,24.1,1938,10.5,1980,81.3,2024
08-28,153,35.3,1969,21.1,1944,28.4,1969,16.6,1944,23.8,1929,12.0,1980,66.5,1966
08-29,153,32.8,2018,22.1,"1988, 2000",29.6,1885,15.7,1880,25.0,1938,11.6,1970,66.2,1994
08-30,153,33.4,1956,22.7,2000,28.4,2021,17.0,1880,24.9,2021,12.8,1944,78.1,2001
08-31,153,33.7,2006,20.9,2000,27.3,1929,15.4,1880,24.6,1929,10.6,1914,111.0,2000
09-01,153,34.8,2010,21.0,1903,29.1,2010,14.8,1880,25.1,2010,11.5,1961,55.0,1891
09-02,153,33.1,2007,19.8,1903,26.9,"1938, 2023",15.7,1903,23.7,2023,12.2,1987,71.6,1958
09-03,153,32.7,"1908, 1938",19.6,1903,27.8,1938,15.4,1903,23.7,1938,11.0,1987,65.0,1991
09-04,153,35.2,2020,19.9,"1914, 1936",28.8,2020,15.2,1906,24.0,2022,10.8,1914,176.8,1907
09-05,153,32.5,2020,19.3,1906,26.9,2007,13.7,1930,23.6,2020,10.0,1906,57.8,1898
09-06,153,33.7,1938,17.7,2013,27.4,1938,14.6,1905,23.3,1929,9.2,1930,120.9,2006
09-07,153,34.2,1909,15.1,1930,28.4,1909,13.3,1930,24.6,2007,8.6,2003,67.0,1879
09-08,153,32.5,1909,19.4,1911,27.3,1909,14.3,1911,23.5,1938,10.0,1993,165.0,1891
09-09,153,31.0,1986,17.7,1929,25.9,1934,14.4,1898,23.3,1909,8.8,1970,80.8,1954
09-10,153,32.5,1952,18.2,1975,26.5,1952,14.3,1975,21.3,"1957, 2024",8.7,1991,91.2,2014
09-11,153,34.3,2024,16.7,1975,28.2,2024,13.8,1975,23.5,2024,11.1,1988,159.8,1975
09-12,153,36.0,1899,18.6,1975,28.9,1899,13.8,1975,23.6,2024,9.3,1997,143.0,1989
09-13,153,31.0,2017,17.5,1929,26.3,2017,13.3,1929,23.1,2017,8.7,1911,60.2,2003
09-14,153,32.0,1918,17.4,"1907, 1929",25.7,1918,12.4,1907,21.4,2020,8.0,1989,69.1,1961
09-15,153,33.0,1931,15.7,1956,28.0,1931,12.1,1894,22.9,1938,8.0,1894,46.0,1884
09-16,153,30.8,1994,16.5,1900,25.6,1938,13.5,"1894, 1900",22.4,1938,8.0,1894,108.7,1915
09-17,153,30.2,1957,17.6,1900,26.4,1876,13.1,1894,22.1,2022,9.0,1953,98.3,1980
09-18,153,34.0,1971,16.0,1900,27.5,2022,9.9,1894,23.6,2022,6.8,1894,111.1,1980
09-19,153,32.1,1994,15.9,"1905, 1980",25.9,1994,9.8,1894,21.2,"1937, 1994",6.4,1894,89.0,1886
09-20,153,32.8,1911,15.0,1915,26.7,1911,12.1,1894,21.6,1935,6.4,1894,159.6,1875
09-21,153,31.9,1994,17.6,"1921, 1956",26.2,2015,13.0,1894,22.3,1937,7.8,1894,63.8,2016
09-22,153,31.0,1984,17.6,1922,25.6,1994,12.2,2019,22.4,1937,7.8,2019,51.0,1881
09-23,153,31.1,2002,16.6,1991,24.3,2015,11.9,1987,21.5,2017,6.4,1987,65.0,1895
09-24,153,31.8,2015,15.7,1902,26.1,2015,12.7,"1895, 1902",21.5,2015,8.4,1987,82.1,2013
09-25,153,30.3,2004,15.2,2013,25.5,2015,10.0,1875,22.0,2015,7.0,1951,81.4,1961
09-26,153,30.4,1984,15.4,1902,24.0,"1937, 2015",9.4,1875,20.5,"1962, 2010, 2020",7.3,1969,126.0,1877
09-27,153,31.3,2002,12.5,1902,24.1,"1935, 2015",7.2,1902,21.0,1924,4.1,1902,104.8,1909
09-28,153,29.9,1945,12.7,1906,24.3,1945,10.1,1931,21.3,2020,4.4,1902,95.8,1937
09-29,153,29.9,1999,10.8,1941,24.2,1918,7.2,1941,20.5,1918,4.9,1941,103.2,1968
09-30,153,30.1,1998,11.2,1941,24.1,1918,5.6,1941,20.4,1927,2.7,1941,103.5,1886
10-01,153,29.0,1899,14.7,1985,23.9,1899,8.9,1941,20.4,2004,3.0,1941,165.0,1886
10-02,153,30.0,1999,13.0,1959,23.7,1922,10.2,1985,20.2,2018,5.2,1985,171.0,1882
10-03,153,30.3,1905,14.0,1954,26.0,1905,9.7,1959,19.9,1905,5.1,"1959, 1964",175.0,1882
10-04,153,30.7,1952,11.6,1959,25.2,1905,9.7,1946,21.6,1905,5.0,1946,61.7,2021
10-05,153,28.2,1994,9.3,1964,23.5,1883,6.5,1964,19.6,1899,3.5,1964,118.0,1887
10-06,153,28.2,1948,13.1,1959,28.0,1883,7.2,1964,19.9,1909,1.4,1964,127.8,1933
10-07,153,28.7,1974,9.3,1959,22.9,1883,7.3,1959,19.4,2003,3.4,1959,96.5,1970
10-08,153,28.9,1963,9.9,1921,22.4,"1914, 1918, 2002",6.3,1941,20.4,1918,3.1,1941,70.8,1930
10-09,153,32.1,2003,14.0,"1941, 1957",25.5,1904,8.6,1957,21.0,1904,4.6,1941,68.2,1973
10-10,153,32.0,2003,13.2,2023,26.2,1904,9.3,1957,23.1,1904,6.4,1941,88.3,1999
10-11,153,30.6,1904,12.6,1921,24.9,1905,7.8,1921,20.5,1905,4.4,1957,78.0,1999
10-12,153,27.8,1998,12.5,"1898, 1948",24.0,1877,8.2,1948,19.2,1994,3.9,1921,109.6,1996
10-13,153,29.9,1998,13.2,1959,23.8,1998,8.9,1890,18.8,1929,6.0,1948,89.7,1973
10-14,153,29.5,1998,9.8,1959,24.2,2009,5.8,1959,21.1,1982,3.0,1948,79.0,1895
10-15,153,28.7,1997,7.4,1959,22.0,1997,6.1,1959,18.6,1925,3.0,1946,72.8,1999
10-16,153,27.8,1968,12.1,"1941, 1956",23.4,1997,6.8,1911,19.5,1997,3.3,1946,106.7,1984
10-17,153,29.1,1919,10.5,1911,24.3,1919,6.8,1911,20.4,1919,3.3,1970,88.8,1961
10-18,153,28.4,2009,10.1,1911,24.9,2013,5.6,1984,21.0,1919,0.9,1984,160.5,1893
10-19,153,27.4,1952,11.7,1911,23.6,1952,5.7,1984,20.5,1952,1.2,1984,62.5,1884
10-20,153,25.9,2009,12.2,1923,22.6,2010,7.1,1884,20.1,2010,3.4,1920,76.4,1940
10-21,153,27.7,1936,9.5,1899,21.3,1936,7.2,1925,18.1,2009,3.5,"1920, 1923",53.6,1988
10-22,153,26.5,1991,12.3,1925,23.0,1974,7.0,1977,17.7,"1974, 2009",1.6,1925,72.8,1922
10-23,153,26.8,"1938, 2023",7.6,1945,22.4,1938,4.1,1945,18.9,1938,1.5,1950,51.0,2017
10-24,153,27.2,1927,9.3,1950,21.8,1927,4.2,1945,17.7,2007,0.7,1945,107.1,1971
10-25,153,26.9,1930,9.8,1965,22.0,1930,6.2,1965,18.6,2007,2.4,1971,84.3,1900
10-26,153,27.3,1932,6.7,1965,22.3,1932,1.5,1965,18.8,1932,-3.2,1965,83.2,1944
10-27,153,26.1,1931,9.0,1965,21.9,1930,5.2,1946,18.8,1931,0.5,1946,41.0,1881
10-28,153,25.9,2023,9.4,1973,23.1,1922,2.2,1889,19.3,1922,2.5,"1946, 1958",40.5,1920
10-29,153,26.8,1962,9.9,1973,21.3,1932,-0.5,1889,18.4,1962,1.5,1973,58.8,2002
10-30,153,27.0,1938,8.8,1920,21.4,1932,3.5,1889,17.8,1915,2.0,1973,51.6,1988
10-31,153,28.8,1938,7.3,1920,21.8,1938,4.3,1920,18.6,1929,-0.4,1993,108.0,1888
11-01,153,27.3,1932,4.0,1920,23.6,1932,2.4,1920,20.7,1932,0.5,1920,78.0,1935
11-02,153,27.2,1932,6.7,1920,23.7,1932,2.7,1920,20.8,1932,-2.6,1920,35.6,1937
11-03,153,29.1,1938,5.1,1973,23.4,1938,3.0,1973,19.3,1938,0.5,2014,70.6,1981
11-04,153,25.8,1958,7.1,1907,20.8,1967,4.5,1907,18.6,1967,0.2,1931,109.7,1905
11-05,153,26.2,1922,7.5,1907,22.4,1922,3.5,1907,19.0,1922,-0.6,1907,89.0,1888
11-06,153,24.6,1922,8.9,1907,22.3,1922,3.4,1896,19.3,1922,-0.1,1907,94.8,1909
11-07,153,25.8,1922,5.0,1907,21.8,1910,2.3,1907,18.0,1950,-0.6,1907,55.5,2012
11-08,153,24.7,1940,5.5,1907,21.6,1925,2.9,1907,17.9,1925,-2.8,1891,112.0,1895
11-09,153,25.4,1936,5.2,1956,21.8,1925,3.2,1898,18.4,1925,-0.2,1924,67.5,1892
11-10,153,25.3,2016,5.4,1956,21.9,2016,1.8,1956,17.0,2016,-1.3,1924,67.5,1895
11-11,153,25.1,1917,5.5,1956,19.9,1927,1.1,1956,17.0,1959,-1.4,1988,154.4,2015
11-12,153,24.9,1927,5.6,1993,20.8,"1927, 2023",2.3,1988,17.3,2023,-1.7,1956,93.0,1952
11-13,153,23.6,1919,2.9,1988,20.3,1919,1.6,1988,16.9,1919,-0.3,1988,87.6,2015
11-14,153,23.7,2017,5.8,1941,19.7,1905,2.6,1941,15.6,1905,-0.5,1988,56.4,1937
11-15,153,25.5,1950,6.4,1908,21.1,1950,2.5,1896,16.6,1950,0.1,1948,65.2,2006
11-16,153,26.1,2010,5.2,1908,19.6,2010,3.4,1908,16.5,1950,0.9,1948,73.3,2023
11-17,153,24.5,2010,7.2,2011,19.9,2010,1.6,1896,16.2,1905,0.3,1902,50.1,2001
11-18,153,23.1,1954,5.6,2001,18.3,"1882, 1928",1.0,2001,15.3,2010,-2.7,2001,79.8,1938
11-19,153,22.9,1946,6.1,1902,20.0,1882,1.0,1932,17.1,1995,-2.1,1932,51.0,1885
11-20,153,25.1,1946,2.3,1932,20.0,1882,-1.1,1932,15.1,2025,-5.1,1932,89.2,1994
11-21,153,22.1,"1975, 1996",6.2,"1902, 1932",20.3,2022,2.1,"1881, 1932",18.3,2022,-2.4,1932,67.0,1928
11-22,153,22.9,2025,2.0,1956,18.9,2022,0.4,1956,16.6,2015,-0.7,1956,82.0,1892
11-23,153,23.1,2025,3.5,1902,19.4,1909,-0.1,1902,17.4,1909,-2.2,1956,58.0,1981
11-24,153,22.9,1968,3.6,1953,19.1,1968,-0.3,1914,15.9,1975,-3.0,1953,57.7,1967
11-25,153,22.3,1965,4.2,1920,19.5,1965,1.1,1914,15.5,"1965, 2022",-5.4,1914,66.0,1886
11-26,153,22.5,1965,3.7,1920,19.6,2023,1.0,1953,15.0,"1968, 2023",-1.5,1953,73.3,1964
11-27,153,23.0,1977,2.0,1899,20.4,1977,-0.5,1899,17.0,1977,-4.0,1899,62.0,1895
11-28,153,24.0,1969,4.1,1972,19.0,1969,-1.6,1958,14.9,1996,-4.7,1958,87.0,1879
11-29,153,21.6,2021,3.0,1931,18.1,1983,-1.0,1931,14.8,1983,-3.8,1931,66.0,1879
11-30,153,23.1,2021,5.4,1941,18.4,2010,2.3,1955,13.8,2010,-4.4,1931,76.9,2014
12-01,153,21.1,1990,4.5,1941,18.7,1879,-1.7,1955,15.0,1990,-6.7,1955,62.7,2019
12-02,153,21.3,1957,3.0,1941,21.4,1879,0.1,1941,16.1,1957,-2.1,1907,58.3,2015
12-03,153,22.1,2012,1.9,1931,18.2,2010,-2.0,1941,15.2,1961,-4.6,1985,112.5,1908
12-04,153,23.5,2010,0.3,1945,19.8,2010,-2.0,1945,17.2,2010,-5.2,1945,82.0,1888
12-05,153,22.8,1976,3.6,1933,20.5,2010,-1.6,1896,17.5,2010,-5.4,1994,62.3,1971
12-06,153,20.5,1976,1.6,1927,17.1,2008,-1.3,2016,13.5,1976,-5.3,2016,60.1,1955
12-07,153,22.4,2008,3.8,1941,17.3,2008,0.4,1941,13.1,2025,-2.8,1908,82.7,1936
12-08,153,20.1,"2021, 2023",1.7,2016,18.8,2021,-1.8,2016,15.8,2021,-6.3,2016,116.0,1883
12-09,153,22.6,2014,4.0,2016,18.4,1895,1.1,2016,15.2,1954,-2.3,1934,68.2,1874
12-10,153,20.6,1939,3.5,2013,17.2,2014,-0.8,1883,14.4,1940,-1.9,1934,71.0,1895
12-11,153,20.5,1937,1.1,2013,15.7,1919,-2.5,2013,14.8,1919,-5.9,1963,67.9,2016
12-12,153,21.1,1965,3.7,2002,19.4,1878,-1.3,2013,14.4,1965,-4.5,"1968, 2013",66.0,1887
12-13,153,21.5,"1960, 1965",4.7,2004,17.8,"1878, 1965",-0.5,2002,15.2,1976,-4.2,2002,52.3,2025
12-14,153,20.6,1960,2.0,2024,19.0,1878,-1.4,2024,13.6,1960,-3.8,2024,48.6,1967
12-15,153,21.6,1947,1.5,1971,19.0,1947,-2.4,1875,15.9,1947,-4.1,2004,62.9,1991
12-16,153,19.9,1935,2.9,2016,17.4,1878,-5.3,1875,14.6,1907,-3.7,2004,54.0,1876
12-17,153,19.5,1937,4.0,2016,16.8,1878,-0.8,1995,12.7,1963,-5.0,1995,74.3,1939
12-18,153,20.7,2003,3.5,1898,17.1,1937,0.5,2016,14.5,1937,-1.6,1892,66.4,2024
12-19,153,22.4,1937,3.3,"1905, 2007",15.6,1927,0.7,2007,14.0,1891,-1.8,1892,42.2,1957
12-20,153,23.1,1937,2.6,2016,18.0,1937,-2.6,1875,12.7,1937,-3.5,1931,139.0,1892
12-21,153,21.0,1963,3.5,1931,18.4,1963,-0.9,1875,15.6,1963,-4.0,1931,54.1,1927
12-22,153,20.2,1963,2.8,1904,16.6,1963,-0.2,2021,13.1,1963,-4.0,2021,53.0,1881
12-23,153,22.8,1968,2.0,2021,16.7,2019,-2.2,1967,14.4,2019,-7.0,1967,47.0,1904
12-24,153,19.7,"1968, 2019",1.7,1931,18.3,2019,-2.0,1931,15.9,2019,-6.4,1899,55.9,1996
12-25,153,20.4,2024,1.0,2002,17.9,2019,-4.3,1924,14.8,2019,-7.1,2002,83.5,2017
12-26,153,19.4,1968,1.5,2002,16.0,1968,-2.9,2002,13.0,1993,-7.3,1924,129.0,1879
12-27,153,19.0,2010,2.3,2006,15.4,2010,-2.3,1953,12.8,2010,-6.5,1953,81.0,1882
12-28,153,20.0,2010,1.2,2006,16.2,2010,-1.8,1941,12.6,1995,-5.5,1904,66.1,1974
12-29,153,20.7,2010,-1.1,1924,15.8,2017,-3.2,1924,13.5,1968,-8.3,1904,79.0,1887
12-30,153,21.3,2000,0.0,1936,16.4,2000,-3.1,1936,13.2,2000,-5.6,1936,75.0,1974
12-31,153,19.3,1923,2.1,1936,17.0,1923,-2.5,1936,13.9,1923,-7.5,1936,70.5,1882
